{"current":{"color_text":"#3d4246","color_body_text":"#788188","color_sale_text":"#ec4145","color_borders":"#e8e9eb","color_button":"#45b97c","color_button_text":"#fff","color_small_button":"#fff","color_small_button_text":"#3d4246","color_text_field":"#fff","color_text_field_text":"#000000","color_image_overlay_text":"#ffffff","color_image_overlay":"#3d4246","image_overlay_opacity":"0.25","color_body_bg":"#fff","type_header_family":"Google_Open+Sans_700_sans","type_header_base_size":"26px","type_base_family":"Google_Work+Sans_400_sans","type_base_size":"16px","type_bold_product_titles":false,"share_facebook":true,"share_twitter":true,"share_pinterest":true,"social_twitter_link":"https:\/\/twitter.com\/liveloglobal","social_facebook_link":"https:\/\/www.facebook.com\/livelobikehire","social_pinterest_link":"https:\/\/au.pinterest.com\/liveloglobal","social_instagram_link":"https:\/\/www.instagram.com\/liveloglobal","social_tumblr_link":"","social_snapchat_link":"","social_youtube_link":"","social_vimeo_link":"","favicon":"shopify:\/\/shop_images\/Animated_Livelo_Logo_Only.gif","checkout_header_image":"","checkout_logo_image":"shopify:\/\/shop_images\/Livelo-Logo-Large-cropped-Png.png","checkout_logo_position":"center","checkout_logo_size":"large","checkout_body_background_image":"","checkout_body_background_color":"#fff","checkout_input_background_color_mode":"white","checkout_sidebar_background_image":"","checkout_sidebar_background_color":"#fafafa","checkout_heading_font":"Helvetica Neue","checkout_body_font":"Helvetica Neue","checkout_accent_color":"#45b97c","checkout_button_color":"#45b97c","checkout_error_color":"#ec4145","sections":{"header":{"type":"header","settings":{"align_logo":"center","logo":"shopify:\/\/shop_images\/Livelo-Logo-Large-cropped-Png_e7e90998-dacf-4b18-87b4-52443ecb8f1e.png","logo_max_width":"350","main_linklist":"main-menu","message":true,"message_text":"USA call +1-855-327-9980 \/ UK & EU call +44-20-3868-3158 \/ ASIA PACIFIC call +61-2-8310-9363","message_link":"","color_bg":"#24ae73","color_text":"#ebe8e8"}},"hero":{"type":"hero","disabled":true,"settings":{"image":"shopify:\/\/shop_images\/Home_Page_Slider_LARGE_2378_x_774_2.png","alignment":"top","title":"Performance Road Bike Rental","text":"<p>your global bike<\/p>\r\n<p><\/p>","hero_size":"x-large","text_size":"large","button_label":"","button_link":""}},"feature-row":{"type":"feature-row","settings":{"image":"shopify:\/\/shop_images\/Square_Product_Images_1080x1080_PART_II_3.png","layout":"left","title":"How does it work?","text":"<p>Livelo&nbsp;makes it easy to&nbsp;enjoy a great ride on a high-quality road bike when you are traveling.<\/p>\r\n<p><\/p>\r\n<p>Livelo supplies&nbsp;all the equipment and accessories you need.<\/p>\r\n<p>Book your bike directly on on our website or App.&nbsp;<\/p>\r\n<p>Livelo will&nbsp;deliver your bike to your hotel concierge the evening prior to your ride. When you are finished with your bike return it to the hotel concierge team.&nbsp;<\/p>\r\n<p>Livelo provides extensive information on the best rides in each city.<\/p>\r\n<p><\/p>\r\n<p>Livelo can arrange a local guide to ride with you, making your riding experience as easy as possible.<\/p>\r\n<p><\/p>\r\n<p>We can also help you join a free group-ride based on your experience level.<\/p>","button_label":"","button_link":""}},"footer":{"type":"footer","settings":{"footer_linklist":"footer","footer_linklist_two":"","footer_newsletter_enable":false,"show_payment_icons":true}},"cart-template":{"type":"cart-template","settings":{"cart_notes_enable":true}},"collection-template":{"type":"collection-template","settings":{"layout":"grid","grid":"4","rows":"2","show_collection_image":true,"show_vendor":false,"sort_enable":true,"tags_enable":true}},"product-template":{"type":"product-template","settings":{"image_size":"medium","show_quantity_selector":false,"show_variant_labels":true,"show_vendor":false,"enable_zoom":false,"show_share_buttons":true}},"1493905047835":{"type":"collection-list","blocks":{"1497597371692":{"type":"featured_collection","settings":{"collection":"road-bike-rental-auckland"}},"1535530299139":{"type":"featured_collection","settings":{"collection":"road-bike-rental-beijing"}},"1543462370868":{"type":"featured_collection","settings":{"collection":"road-bike-rental-brussels"}},"1501910675182":{"type":"featured_collection","settings":{"collection":"road-bike-rental-geneva"}},"1493905047835-1":{"type":"featured_collection","settings":{"collection":"road-bike-rental-hong-kong"}},"1561012708672":{"type":"featured_collection","settings":{"collection":"road-bike-rental-new-jersey"}},"1493905047835-0":{"type":"featured_collection","settings":{"collection":"road-bike-rental-london"}},"1553051342930":{"type":"featured_collection","settings":{"collection":"road-bike-rental-los-angeles"}},"1553559175218":{"type":"featured_collection","settings":{"collection":"road-bike-rental-santa-monica"}},"1550716427215":{"type":"featured_collection","settings":{"collection":"road-bike-rental-new-york-city"}},"1552967154663":{"type":"featured_collection","settings":{"collection":"road-bike-rental-san-jose"}},"1553063208827":{"type":"featured_collection","settings":{"collection":"road-bike-rental-santa-barbara"}},"1493905047835-2":{"type":"featured_collection","settings":{"collection":"road-bike-rental-singapore"}},"1537340796202":{"type":"featured_collection","settings":{"collection":"road-bike-rental-tokyo"}},"1528202729163":{"type":"featured_collection","settings":{"collection":"road-bike-rental-zurich"}},"1493905347398":{"type":"featured_collection","settings":{"collection":"road-bike-rental-adelaide"}},"1493905349170":{"type":"featured_collection","settings":{"collection":"road-bike-rental-brisbane"}},"1541152979049":{"type":"featured_collection","settings":{"collection":"road-bike-rental-byron-bay"}},"1528202757976":{"type":"featured_collection","settings":{"collection":"road-bike-rental-cairns"}},"1493905355676":{"type":"featured_collection","settings":{"collection":"road-bike-rental-canberra"}},"1493905356844":{"type":"featured_collection","settings":{"collection":"road-bike-rental-gold-coast"}},"1528202830072":{"type":"featured_collection","settings":{"collection":"road-bike-rental-hobart"}},"1493905358944":{"type":"featured_collection","settings":{"collection":"road-bike-rental-melbourne"}},"1541447840248":{"type":"featured_collection","settings":{"collection":"road-bike-rental-newcastle"}},"1538866743302":{"type":"featured_collection","settings":{"collection":"road-bike-rental-noosa"}},"1493905360500":{"type":"featured_collection","settings":{"collection":"road-bike-rental-perth"}},"1528875769912":{"type":"featured_collection","settings":{"collection":"road-bike-rental-port-douglas"}},"1494475893384":{"type":"featured_collection","settings":{"collection":"road-bike-rental-sydney"}}},"block_order":["1497597371692","1535530299139","1543462370868","1501910675182","1493905047835-1","1561012708672","1493905047835-0","1553051342930","1553559175218","1550716427215","1552967154663","1553063208827","1493905047835-2","1537340796202","1528202729163","1493905347398","1493905349170","1541152979049","1528202757976","1493905355676","1493905356844","1528202830072","1493905358944","1541447840248","1538866743302","1493905360500","1528875769912","1494475893384"],"settings":{"title":"Select your city to book your rental bike","grid":"3"}},"1494546718442":{"type":"slideshow","blocks":{"1533811788752":{"type":"image","settings":{"image":"shopify:\/\/shop_images\/Home_Page_Slider_LARGE_2378_x_774.png","alignment":"top","title":"how it works","subheading":"","link":"shopify:\/\/pages\/how-it-works"}}},"block_order":["1533811788752"],"settings":{"autoplay":false,"autoplay_speed":"5000","slideshow_height":"medium","text_size":"large"}},"1502070670650":{"type":"quotes","blocks":{"1502070670650-1":{"type":"quote","settings":{"quote":"<p>The service was first class and it was all so easy with the bikes dropped off and picked up at the hotel.<\/p>\n<p>Forget taking your bike with you, this is the way yo go!!!!\"<\/p>","author":"Mark Williamson, 27 May 2015"}},"1502070670650-2":{"type":"quote","settings":{"quote":"<p>Top company with Peter going the extra mile....<\/p>\n<p>Best ride I ever had. Will book them again, for sure. New world standard.<br><br><\/p>","author":"Joris, Belgium, 30 November 2016"}},"1502070670650-0":{"type":"quote","settings":{"quote":"<p>Great ride! The 100km and rolling hills went almost unnoticed with this bike in perfect condition, leaving all the energy to enjoy the stunning landscape!<\/p>","author":"Xavier, 8 August 2017"}},"1534129241490":{"type":"quote","settings":{"quote":"<p>\"Peter. I can&rsquo;t tell you how fantastic John was as a host for today&rsquo;s ride. He got my ride ability perfect and we tackled some amazing areas of Sydney and got my legs burning by the end.<\/p>","author":"Jon, Canada, August 12. 2018"}},"1534129383490":{"type":"quote","settings":{"quote":"<p>I&rsquo;ve had nothing but incredible service from Livelo but John topped it with his attitude, knowledge and story telling of Sydney&rsquo;s history along with a challenging ride. Thank you so much again and I&rsquo;ll be in touch next time I&rsquo;m over this way.\"<\/p>\n<p><\/p>","author":"Jon Canada, August 12, 2018"}}},"block_order":["1502070670650-1","1502070670650-2","1502070670650-0","1534129241490","1534129383490"],"settings":{"title":"Testimonials"}},"1512450213782":{"type":"hero","settings":{"image":"shopify:\/\/shop_images\/Gong_Ride_79b0a9bd-73fb-4136-9bc5-bab2ed1d9a26.jpg","alignment":"center","title":"2019 MS GONG RIDE","text":"<p>Ride the Sydney to Wollongong ride in style with a beautiful Bianchi road bike.&nbsp;<\/p>","hero_size":"medium","text_size":"large","button_label":"learn more","button_link":"shopify:\/\/collections\/ms-gong-ride"}},"1534127593969":{"type":"slideshow","blocks":{"1534127593969-0":{"type":"image","settings":{"image":"shopify:\/\/shop_images\/23_9b8c990f-08ad-47b2-bd8a-21d94c194e2e.png","alignment":"top","title":"Performance Road Bikes Rental Guided Tours","subheading":"your global bike","link":""}},"1534127593969-1":{"type":"image","settings":{"image":"shopify:\/\/shop_images\/15_86864fcf-570f-4183-883f-83bc5c3659d0.png","alignment":"top","title":"Performance Road Bike Rental Guided  Tours","subheading":"your global bike","link":""}},"1536153153225":{"type":"image","settings":{"image":"shopify:\/\/shop_images\/17_846fd4fc-d9cd-48ce-9772-58e3e527e60f.png","alignment":"top","title":"Performance Road Bike Rental Guided  Tours","subheading":"your global bike","link":""}},"1536153308346":{"type":"image","settings":{"image":"shopify:\/\/shop_images\/19_063ccad2-191c-420c-82a6-3482ecc8ef2c.png","alignment":"top","title":"Performance Road Bike Rental Guided  Tours","subheading":"your global bike","link":""}}},"block_order":["1534127593969-0","1534127593969-1","1536153153225","1536153308346"],"settings":{"autoplay":true,"autoplay_speed":"5000","slideshow_height":"small","text_size":"large"}},"1536153977706":{"type":"slideshow","blocks":{"1536153977706-0":{"type":"image","settings":{"image":"shopify:\/\/shop_images\/21_edbc3540-27da-469c-a111-ad1dc4b63feb.png","alignment":"top","title":"Performance Road Bike Rental   Guided Tours","subheading":"your global bike","link":""}},"1536153977706-1":{"type":"image","settings":{"image":"shopify:\/\/shop_images\/7_717e58d4-ae9b-42f6-bf7f-e8ed9d2144c9.png","alignment":"top","title":"Performance Road Bike Rental  Guided Tours","subheading":"your global bike","link":""}},"1536154714475":{"type":"image","settings":{"image":"shopify:\/\/shop_images\/13_4c300e9c-1e50-4bb7-bdce-c72984803ad3.png","alignment":"top","title":"Performance Road Bike Rental   Guided Tours","subheading":"your global bike","link":""}},"1536154473586":{"type":"image","settings":{"image":"shopify:\/\/shop_images\/14_d4f0b7ca-2c2b-47e2-847e-fdbad2cd9c92.png","alignment":"top","title":"Performance Road Bike Rental  Guided Tours","subheading":"your global bike","link":""}}},"block_order":["1536153977706-0","1536153977706-1","1536154714475","1536154473586"],"settings":{"autoplay":true,"autoplay_speed":"5000","slideshow_height":"small","text_size":"large"}},"1536154825923":{"type":"logo-bar","blocks":{"1536154825923-0":{"type":"logo_image","settings":{"image":"shopify:\/\/shop_images\/4_d0574fd3-66a0-43ce-b554-44e3c819fe0e.png","link":""}},"1536154825923-1":{"type":"logo_image","settings":{"image":"shopify:\/\/shop_images\/1_51ab4bce-fc52-4845-8056-249297c94cd0.png","link":""}},"1536154825923-2":{"type":"logo_image","settings":{"image":"shopify:\/\/shop_images\/Bianchi_logo-Tight_Crop.jpeg","link":""}},"1536154825923-3":{"type":"logo_image","settings":{"image":"shopify:\/\/shop_images\/3_9905b289-6a74-470a-b747-2789dab4d3b0.png","link":""}},"1536155288321":{"type":"logo_image","settings":{"image":"shopify:\/\/shop_images\/specialized-logo.png","link":""}},"1536155329768":{"type":"logo_image","settings":{"image":"shopify:\/\/shop_images\/Giant_Logo_Trans.png","link":""}},"1536155678201":{"type":"logo_image","settings":{"image":"shopify:\/\/shop_images\/Cannondale-website-logo.jpg","link":""}}},"block_order":["1536154825923-0","1536154825923-1","1536154825923-2","1536154825923-3","1536155288321","1536155329768","1536155678201"],"settings":{"title":"WE TRUST"}},"1538735466767":{"type":"hero","disabled":true,"settings":{"image":"shopify:\/\/shop_images\/5_4541fa1d-bb9e-46a1-9e80-a557b6b4805d.png","alignment":"center","title":"NOOSA","text":"<p>Ride the idyllic landscape of Noosa Beach and the Sunshine Coast hinterland.&nbsp;<\/p>","hero_size":"medium","text_size":"large","button_label":"More","button_link":"shopify:\/\/collections\/road-bike-rental-noosa"}},"1538736643568":{"type":"newsletter","disabled":true,"settings":{"title":"Subscribe to our newsletter","subtitle":"We will keep you up to date only our latest locations, bikes and special offers","show_background":true}},"1545360041495":{"type":"featured-product","disabled":true,"settings":{"featured_product":"livelo-gift-certificate","image_size":"medium","show_quantity_selector":false,"show_variant_labels":true,"show_vendor":false,"enable_zoom":false,"show_share_buttons":false}},"1545364964216":{"type":"image-bar","disabled":true,"blocks":{"1545364964216-1":{"type":"image","settings":{"image":"shopify:\/\/shop_images\/CIFT_CARD.png","alignment":"center","link":"shopify:\/\/products\/livelo-gift-certificate","cta_label":""}},"1545364964216-0":{"type":"image","settings":{"image":"shopify:\/\/shop_images\/2_acb6b87e-8ce6-4526-86dc-5dac7e63a925.png","alignment":"center","link":"shopify:\/\/products\/livelo-gift-certificate","cta_label":""}},"1545364964216-2":{"type":"image","settings":{"image":"shopify:\/\/shop_images\/9_a581d7a4-885d-436d-9f12-8bec09d86a95.png","alignment":"center","link":"shopify:\/\/products\/livelo-gift-certificate","cta_label":""}}},"block_order":["1545364964216-1","1545364964216-0","1545364964216-2"],"settings":{"section_height":"medium"}},"1545365456999":{"type":"feature-row","settings":{"image":"shopify:\/\/shop_images\/9_a581d7a4-885d-436d-9f12-8bec09d86a95.png","layout":"left","title":"CYCLING GIFT VOUCHER","text":"<p>The perfect&nbsp;bike gift card for the travelling cyclist.&nbsp;<\/p>\n<p><\/p>\n<p>Your gift card can be used for any livelo service in any location.<\/p>\n<p><\/p>\n<p>A cycling experience is the best gift for any cyclist. A Livelo Gift Card makes it easy to give exceptional cycling memory.&nbsp;<\/p>","button_label":"Buy Now","button_link":"shopify:\/\/products\/livelo-gift-certificate"}},"1545559974751":{"type":"feature-row","disabled":true,"settings":{"image":"shopify:\/\/shop_images\/Tom_Leezer.jpeg","layout":"left","title":"TOUR DOWN UNDER","text":"<p>Livelo&nbsp;has the best rental bikes at the Tour Down Under this January.<\/p>\n<p><\/p>\n<p>Just ask Tom Leezer from Lotto Jumbo who&nbsp;picked&nbsp;one up for his friend at last years TDU.&nbsp;<\/p>\n<p><\/p>\n<p>In 2019 we a range of Bianchi Aria (aero bike), Bianchi Oltre XR (race geometry, just like Tom's) and Bianchi Infinito CV (endurance geometry) road bikes available.&nbsp;<\/p>","button_label":"Book Here","button_link":"shopify:\/\/collections\/road-bike-hire-tour-down-under"}},"1562034230179":{"type":"slideshow","blocks":{"1562034230179-0":{"type":"image","settings":{"image":"shopify:\/\/shop_images\/Home_Page_Slider_CURRENT_1800_x_500.png","alignment":"center","title":"","subheading":"BOOK HERE","link":"https:\/\/www.livelo.com.au\/products\/itu-grand-final-lausanne"}}},"block_order":["1562034230179-0"],"settings":{"autoplay":true,"autoplay_speed":"5000","slideshow_height":"medium","text_size":"large"}}},"content_for_index":["1536153977706","1545559974751","1545364964216","1545360041495","hero","1493905047835","1494546718442","1538735466767","1545365456999","1562034230179","1502070670650","1512450213782","1536154825923","1538736643568","1534127593969"]},"presets":{"Default":{"color_text":"#3d4246","color_body_text":"#788188","color_sale_text":"#7796A8","color_borders":"#e8e9eb","color_button":"#7796A8","color_button_text":"#fff","color_small_button":"#fff","color_small_button_text":"#3d4246","color_text_field":"#fff","color_text_field_text":"#000","color_image_overlay_text":"#fff","color_image_overlay":"#3d4246","image_overlay_opacity":"0.25","color_body_bg":"#fff","type_header_family":"Google_Work+Sans_600_sans","type_header_base_size":"26px","type_base_family":"Google_Work+Sans_400_sans","type_base_size":"16px","type_bold_product_titles":false,"share_facebook":true,"share_twitter":true,"share_pinterest":true,"sections":{"header":{"type":"header","settings":{}},"hero":{"type":"hero","settings":{"text_size":"large"}},"slideshow":{"type":"slideshow","blocks":{"slideshow-0":{"type":"image","settings":{}},"slideshow-1":{"type":"image","settings":{}}},"block_order":["slideshow-0","slideshow-1"],"settings":{}},"featured-collections":{"type":"collection","settings":{"collection":"frontpage"}},"feature-row":{"type":"feature-row","settings":{}},"footer":{"type":"footer","settings":{"footer_linklist_two":""}}},"content_for_index":["hero","featured-collections","feature-row","slideshow"]}}}