{"current":{"color_text":"#3d4246","color_body_text":"#69727b","color_sale_text":"#ec4145","color_button":"#45b97c","color_button_text":"#fff","color_small_button_text_border":"#3d4246","color_text_field_text":"#000","color_text_field_border":"#949494","color_text_field":"#fff","color_image_overlay_text":"#fff","color_image_overlay":"#3d4246","image_overlay_opacity":25,"color_borders":"#e8e9eb","color_body_bg":"#fff","type_header_font":"open_sans_n7","type_header_base_size":26,"type_base_font":"work_sans_n4","type_base_size":16,"type_bold_product_titles":false,"share_image":"","share_facebook":true,"share_twitter":true,"share_pinterest":true,"social_twitter_link":"https:\/\/twitter.com\/liveloglobal","social_facebook_link":"https:\/\/www.facebook.com\/livelobikehire","social_pinterest_link":"https:\/\/au.pinterest.com\/liveloglobal","social_instagram_link":"https:\/\/www.instagram.com\/liveloglobal","social_tumblr_link":"","social_snapchat_link":"","social_youtube_link":"","social_vimeo_link":"","favicon":"shopify:\/\/shop_images\/Animated_Livelo_Logo_Only_594bfd1e-5ae6-41ff-9614-58dab9c135dd.gif","enable_ajax":false,"checkout_header_image":"","checkout_logo_image":"shopify:\/\/shop_images\/Livelo-Logo-Large-cropped-Png_350x_7fbd6ee5-44b8-4575-89cd-2aa35123e838.png","checkout_logo_position":"center","checkout_logo_size":"large","checkout_body_background_image":"","checkout_body_background_color":"#fff","checkout_input_background_color_mode":"white","checkout_sidebar_background_image":"","checkout_sidebar_background_color":"#fafafa","checkout_heading_font":"Helvetica Neue","checkout_body_font":"Helvetica Neue","checkout_accent_color":"#45b97c","checkout_button_color":"#45b97c","checkout_error_color":"#e32c2b","sections":{"header":{"type":"header","settings":{"align_logo":"center","logo":"shopify:\/\/shop_images\/Livelo-Logo-Large-cropped-Png_350x_7fbd6ee5-44b8-4575-89cd-2aa35123e838.png","logo_max_width":250,"main_linklist":"main-menu","message":true,"home_page_only":false,"message_text":"USA call +1-855-327-9980 \/ UK & EU call +44-20-3868-3158 \/ ASIA PACIFIC call +61-2-8310-9363","message_link":"","color_bg":"#24ae73","color_text":"#ebe8e8"}},"slideshow":{"type":"slideshow","blocks":{"slideshow-0":{"type":"image","settings":{"image":"shopify:\/\/shop_images\/21_b58c80b0-ef0b-42a4-af65-ab4b38072975.png","alignment":"center center","slide_title":"Performance Road Bike Rental   Guided Tours","subheading":"your global bike","button_label":"","button_link":""}},"slideshow-1":{"type":"image","settings":{"image":"shopify:\/\/shop_images\/7_76b55ddc-31ae-49b9-a837-ec67cccb2f44.png","alignment":"center center","slide_title":"Performance Road Bike Rental   Guided Tours","subheading":"your global bike","button_label":"","button_link":""}},"1565914552514":{"type":"image","settings":{"image":"shopify:\/\/shop_images\/14_29c7cb69-91e3-4aba-9fb7-d79d0cee47c9.png","alignment":"center center","slide_title":"Performance Road Bike Rental   Guided Tours","subheading":"your global bike","button_label":"","button_link":""}},"1565914554493":{"type":"image","settings":{"image":"shopify:\/\/shop_images\/15_cce8d026-e4a3-4368-9888-640b8d24f371.png","alignment":"center center","slide_title":"Performance Road Bike Rental   Guided Tours","subheading":"your global bike","button_label":"","button_link":""}}},"block_order":["slideshow-1","slideshow-0","1565914552514","1565914554493"],"settings":{"slideshow_height":"medium","text_size":"large","text_alignment":"center center","show_overlay":false,"autorotate":true,"autorotate_speed":5}},"feature-row":{"type":"feature-row","settings":{"image":"shopify:\/\/shop_images\/9_a581d7a4-885d-436d-9f12-8bec09d86a95.png","layout":"left","title":"CYCLING GIFT VOUCHER","text":"<p>The perfect&nbsp;bike gift card for the travelling cyclist.&nbsp;<\/p>\n<p><\/p>\n<p>Your gift card can be used for any livelo service in any location.<\/p>\n<p><\/p>\n<p>A cycling experience is the best gift for any cyclist. A Livelo Gift Card makes it easy to give exceptional cycling memory.&nbsp;<\/p>","button_label":"Buy Now","button_link":"shopify:\/\/products\/livelo-gift-certificate"}},"footer":{"type":"footer","blocks":{"link_list":{"type":"link_list","settings":{"title":"Our Locations","menu":"footer"}}},"block_order":["link_list"],"settings":{"show_payment_icons":true,"color_footer_bg":"#ffffff","color_footer_text":"#3d4246"}},"collection-template":{"type":"collection-template","settings":{"layout":"grid","grid":4,"rows":2,"show_collection_image":true,"show_vendor":false,"sort_enable":true,"tags_enable":true}},"product-template":{"type":"product-template","settings":{"image_size":"medium","show_quantity_selector":false,"show_variant_labels":true,"show_vendor":false,"enable_zoom":true,"enable_payment_button":false,"show_share_buttons":false}},"product-recommendations":{"type":"product-recommendations","settings":{"show_product_recommendations":false,"heading":"You may also like","show_vendor":false}},"cart-template":{"type":"cart-template","settings":{"cart_ajax_enable":true,"cart_notes_enable":false}},"1565908027833":{"type":"collection-list","blocks":{"1565914824762":{"type":"featured_collection","settings":{"collection":"road-bike-rental-new-jersey"}},"1565914846484":{"type":"featured_collection","settings":{"collection":"road-bike-rental-los-angeles"}},"1565914889082":{"type":"featured_collection","settings":{"collection":"road-bike-rental-santa-monica"}},"1565914899706":{"type":"featured_collection","settings":{"collection":"road-bike-rental-new-york-city"}},"1565914916690":{"type":"featured_collection","settings":{"collection":"road-bike-rental-san-jose"}},"1565914926703":{"type":"featured_collection","settings":{"collection":"road-bike-rental-santa-barbara"}}},"block_order":["1565914824762","1565914846484","1565914889082","1565914899706","1565914916690","1565914926703"],"settings":{"title":"OUR U.S Locations","grid":3}},"1565913325704":{"type":"slideshow","blocks":{"1565913325704-0":{"type":"image","settings":{"image":"shopify:\/\/shop_images\/28_bcb2c44b-806c-43c0-afca-47003f9445b4.png","alignment":"center center","slide_title":"","subheading":"","button_label":"BOOK HERE","button_link":"shopify:\/\/products\/itu-grand-final-lausanne"}}},"block_order":["1565913325704-0"],"settings":{"slideshow_height":"small","text_size":"large","text_alignment":"center center","show_overlay":true,"autorotate":false,"autorotate_speed":5}},"1565914997904":{"type":"collection-list","blocks":{"1565915955473":{"type":"featured_collection","settings":{"collection":"road-bike-rental-auckland"}},"1565915066580":{"type":"featured_collection","settings":{"collection":"road-bike-rental-adelaide"}},"1565915073491":{"type":"featured_collection","settings":{"collection":"road-bike-rental-brisbane"}},"1565915077693":{"type":"featured_collection","settings":{"collection":"road-bike-rental-byron-bay"}},"1565915078866":{"type":"featured_collection","settings":{"collection":"road-bike-rental-cairns"}},"1565915079633":{"type":"featured_collection","settings":{"collection":"road-bike-rental-canberra"}},"1565915081201":{"type":"featured_collection","settings":{"collection":"road-bike-rental-gold-coast"}},"1565915082973":{"type":"featured_collection","settings":{"collection":"road-bike-rental-hobart"}},"1565915084173":{"type":"featured_collection","settings":{"collection":"road-bike-rental-melbourne"}},"1565915161045":{"type":"featured_collection","settings":{"collection":"road-bike-rental-newcastle"}},"1565915856270":{"type":"featured_collection","settings":{"collection":"road-bike-rental-noosa"}},"1565915927688":{"type":"featured_collection","settings":{"collection":"road-bike-rental-perth"}}},"block_order":["1565915955473","1565915066580","1565915073491","1565915077693","1565915078866","1565915079633","1565915081201","1565915082973","1565915084173","1565915161045","1565915856270","1565915927688"],"settings":{"title":"our australia and new zealand locations","grid":3}},"1565916004981":{"type":"collection-list","blocks":{"1565916004981-0":{"type":"featured_collection","settings":{"collection":"road-bike-rental-brussels"}},"1565916004981-1":{"type":"featured_collection","settings":{"collection":"road-bike-rental-geneva"}},"1565916004981-2":{"type":"featured_collection","settings":{"collection":"road-bike-rental-london"}},"1565916174737":{"type":"featured_collection","settings":{"collection":"road-bike-rental-zurich"}}},"block_order":["1565916004981-0","1565916004981-1","1565916004981-2","1565916174737"],"settings":{"title":"Our europe locations","grid":3}},"1565916209830":{"type":"collection-list","blocks":{"1565916209830-0":{"type":"featured_collection","settings":{"collection":"road-bike-rental-beijing"}},"1565916209830-1":{"type":"featured_collection","settings":{"collection":"road-bike-rental-hong-kong"}},"1565916209830-2":{"type":"featured_collection","settings":{"collection":"road-bike-rental-singapore"}},"1565916248542":{"type":"featured_collection","settings":{"collection":"road-bike-rental-tokyo"}}},"block_order":["1565916209830-0","1565916209830-1","1565916209830-2","1565916248542"],"settings":{"title":"Our asia locations","grid":3}},"1565916403976":{"type":"collection-list","blocks":{"1565916403976-0":{"type":"featured_collection","settings":{"collection":"road-bike-rental-port-douglas"}},"1565916403976-1":{"type":"featured_collection","settings":{"collection":"road-bike-rental-sydney"}}},"block_order":["1565916403976-0","1565916403976-1"],"settings":{"title":"","grid":3}},"1565917224759":{"type":"quotes","blocks":{"1565917224759-0":{"type":"quote","settings":{"quote":"<p>The service was first class and it was all so easy with the bikes dropped off and picked up at the hotel.<\/p>\n<p>Forget taking your bike with you, this is the way yo go!!!!<\/p>","author":"Mark Williamson, 27 May 2015"}},"1565917224759-1":{"type":"quote","settings":{"quote":"<p>Top company with Peter going the extra mile....<\/p>\n<p>Best ride I ever had. Will book them again, for sure. New world standard.<\/p>","author":"Joris, Belgium, 30 November 2016"}},"1565917224759-2":{"type":"quote","settings":{"quote":"<p>Great ride! The 100km and rolling hills went almost unnoticed with this bike in perfect condition, leaving all the energy to enjoy the stunning landscape!<\/p>","author":"Xavier, 8 August 2017"}},"1565917329937":{"type":"quote","settings":{"quote":"<p>Peter. I can&rsquo;t tell you how fantastic John was as a host for today&rsquo;s ride. He got my ride ability perfect and we tackled some amazing areas of Sydney and got my legs burning by the end.<\/p>","author":"Jon, Canada, August 12. 2018"}},"1565917374294":{"type":"quote","settings":{"quote":"<p>I&rsquo;ve had nothing but incredible service from Livelo but John topped it with his attitude, knowledge and story telling of Sydney&rsquo;s history along with a challenging ride. Thank you so much again and I&rsquo;ll be in touch next time I&rsquo;m over this way.<\/p>\n<p><\/p>","author":"Jon Canada, August 12, 2018"}}},"block_order":["1565917224759-0","1565917224759-1","1565917224759-2","1565917329937","1565917374294"],"settings":{"title":"Testimonials"}},"1565918139105":{"type":"hero","settings":{"image":"shopify:\/\/shop_images\/Gong_Ride_79b0a9bd-73fb-4136-9bc5-bab2ed1d9a26.jpg","alignment":"center","hero_layout":"full_width","hero_size":"medium","text_size":"large","title":"2019 MS GONG RIDE","text":"<p>Ride the Sydney to Wollongong ride in style with a beautiful Bianchi road bike.&nbsp;<\/p>","button_label":"BOOK HERE","button_link":"shopify:\/\/collections\/ms-gong-ride"}},"1565918522578":{"type":"logo-bar","blocks":{"1565918522578-3":{"type":"logo_image","settings":{"image":"shopify:\/\/shop_images\/4_134x134_crop_center_2x_6ed7184d-42c8-4026-976c-4bdc039a3dbf.png","link":""}},"1565918522578-2":{"type":"logo_image","settings":{"image":"shopify:\/\/shop_images\/1_134x134_crop_center_2x_884b7585-e85c-480a-adb8-247f41bc483d.png","link":""}},"1565918522578-1":{"type":"logo_image","settings":{"image":"shopify:\/\/shop_images\/Bianchi_logo-Tight_Crop.jpeg","link":""}},"1565919008379":{"type":"logo_image","settings":{"image":"shopify:\/\/shop_images\/3_134x134_crop_center_2x_a3e276f3-a953-4a47-ad92-488062d434b8.png","link":""}},"1565919009802":{"type":"logo_image","settings":{"image":"shopify:\/\/shop_images\/specialized-logo_134x134_crop_center_2x_b26c610a-2a19-4118-b720-005501d293da.png","link":""}},"1565918522578-0":{"type":"logo_image","settings":{"image":"shopify:\/\/shop_images\/Giant_Logo_Trans.png","link":""}},"1565919041893":{"type":"logo_image","settings":{"image":"shopify:\/\/shop_images\/Cannondale-website-logo.jpg","link":""}}},"block_order":["1565918522578-3","1565918522578-2","1565918522578-1","1565919008379","1565919009802","1565918522578-0","1565919041893"],"settings":{"title":"We trust"}},"1565919252477":{"type":"slideshow","blocks":{"1565919252477-0":{"type":"image","settings":{"image":"shopify:\/\/shop_images\/Home_Page_Slider_LARGE_2378_x_774_3.png","alignment":"center center","slide_title":"","subheading":"","button_label":"how it works","button_link":"shopify:\/\/pages\/how-it-works"}}},"block_order":["1565919252477-0"],"settings":{"slideshow_height":"small","text_size":"large","text_alignment":"center center","show_overlay":true,"autorotate":false,"autorotate_speed":5}},"1565919433149":{"type":"slideshow","blocks":{"1565919433149-0":{"type":"image","settings":{"image":"shopify:\/\/shop_images\/17_84bafc04-126c-4a51-b51a-a3b73718b22a.png","alignment":"center center","slide_title":"Performance Road Bikes Rental Guided Tours","subheading":"your global bike","button_label":"","button_link":""}},"1565919433149-1":{"type":"image","settings":{"image":"shopify:\/\/shop_images\/16_19f01719-7981-494f-ac16-5949833be309.png","alignment":"center center","slide_title":"Performance Road Bikes Rental Guided Tours","subheading":"your global bike","button_label":"","button_link":""}},"1565919460141":{"type":"image","settings":{"image":"shopify:\/\/shop_images\/18_181c69a1-ca7c-462f-8778-a7e8a8df7595.png","alignment":"center center","slide_title":"Performance Road Bikes Rental Guided Tours","subheading":"your global bike","button_label":"","button_link":""}},"1565919466576":{"type":"image","settings":{"image":"shopify:\/\/shop_images\/20_f1a4de08-eb3e-408f-a98c-713c359ba126.png","alignment":"center center","slide_title":"Performance Road Bikes Rental Guided Tours","subheading":"your global bike","button_label":"","button_link":""}}},"block_order":["1565919433149-0","1565919433149-1","1565919460141","1565919466576"],"settings":{"slideshow_height":"medium","text_size":"large","text_alignment":"center center","show_overlay":false,"autorotate":true,"autorotate_speed":5}},"1565929132203":{"type":"hero","disabled":true,"settings":{"image":"shopify:\/\/shop_images\/28_bcb2c44b-806c-43c0-afca-47003f9445b4.png","alignment":"center","hero_layout":"full_width","hero_size":"small","text_size":"medium","title":"Book here","text":"","button_label":"","button_link":"shopify:\/\/products\/itu-grand-final-lausanne"}}},"content_for_index":["slideshow","1565908027833","1565916004981","1565914997904","1565916403976","1565916209830","1565919252477","feature-row","1565913325704","1565929132203","1565917224759","1565918139105","1565918522578","1565919433149"]},"presets":{"Default":{"color_text":"#3d4246","color_body_text":"#69727b","color_sale_text":"#557B97","color_borders":"#e8e9eb","color_button":"#557B97","color_button_text":"#fff","color_small_button_text_border":"#3d4246","color_text_field":"#fff","color_text_field_text":"#000","color_text_field_border":"#949494","color_image_overlay_text":"#fff","color_image_overlay":"#3d4246","image_overlay_opacity":40,"color_body_bg":"#fff","type_header_font":"work_sans_n6","type_header_base_size":26,"type_base_font":"work_sans_n4","type_base_size":16,"type_bold_product_titles":false,"share_facebook":true,"share_twitter":true,"share_pinterest":true,"sections":{"header":{"type":"header","settings":{}},"hero":{"type":"hero","settings":{"text_size":"large"}},"slideshow":{"type":"slideshow","blocks":{"slideshow-0":{"type":"image","settings":{}},"slideshow-1":{"type":"image","settings":{}}},"block_order":["slideshow-0","slideshow-1"],"settings":{}},"featured-collections":{"type":"collection","settings":{"collection":"frontpage"}},"feature-row":{"type":"feature-row","settings":{}},"footer":{"type":"footer","blocks":{"link_list":{"type":"link_list","settings":{}},"text":{"type":"text","settings":{}},"newsletter":{"type":"newsletter","settings":{}}},"block_order":["link_list","text","newsletter"],"settings":{}}},"content_for_index":["hero","featured-collections","feature-row","slideshow"]},"Light":{"color_text":"#162950","color_body_text":"#6d6d6d","color_sale_text":"#DA2F0C","color_borders":"#e4e4e4","color_button":"#DA2F0C","color_button_text":"#ffffff","color_small_button_text_border":"#162950","color_text_field":"#ffffff","color_text_field_text":"#162950","color_text_field_border":"#909090","color_image_overlay_text":"#ffffff","color_image_overlay":"#3d3d3d","image_overlay_opacity":40,"color_body_bg":"#f8f8f8","type_header_font":"muli_n6","type_header_base_size":26,"type_base_font":"muli_n4","type_base_size":18,"type_bold_product_titles":true,"share_facebook":true,"share_twitter":true,"share_pinterest":true,"social_twitter_link":"","social_facebook_link":"","social_pinterest_link":"","social_instagram_link":"","social_tumblr_link":"","social_snapchat_link":"","social_youtube_link":"","social_vimeo_link":"","favicon":"","checkout_header_image":"","checkout_logo_image":"","checkout_logo_position":"left","checkout_logo_size":"small","checkout_body_background_image":"","checkout_body_background_color":"#ffffff","checkout_input_background_color_mode":"white","checkout_sidebar_background_image":"","checkout_sidebar_background_color":"#e8f3f6","checkout_heading_font":"Roboto","checkout_body_font":"Source Sans Pro","checkout_accent_color":"#1990c6","checkout_button_color":"#23314e","checkout_error_color":"#ff6d6d","sections":{"header":{"type":"header","settings":{"align_logo":"left","logo":"","logo_max_width":135,"main_linklist":"main-menu","message":true,"color_bg":"#162950","color_text":"#ffffff"}},"hero":{"type":"hero","settings":{"alignment":"center","hero_size":"x-large","text_size":"large"}},"slideshow":{"type":"slideshow","blocks":{"slideshow-0":{"type":"image","settings":{"image":"","alignment":"center center"}},"1492095993817":{"type":"image","settings":{"image":"","alignment":"center"}}},"block_order":["slideshow-0","1492095993817"],"settings":{"slideshow_height":"medium","text_size":"medium","autorotate":false,"autorotate_speed":5}},"featured-collections":{"type":"collection","settings":{"grid":3,"rows":1,"show_vendor":true,"show_view_all":true}},"product-template":{"type":"product-template","settings":{"image_size":"medium","show_quantity_selector":false,"show_variant_labels":true,"show_vendor":false,"enable_zoom":false,"show_share_buttons":true}},"collection-template":{"type":"collection-template","settings":{"layout":"grid","grid":2,"rows":2,"show_collection_image":true,"show_vendor":false,"sort_enable":true,"tags_enable":true}},"1492033809691":{"type":"map","settings":{}},"1492033877875":{"type":"quotes","blocks":{"1492033877875-0":{"type":"quote","settings":{}}},"block_order":["1492033877875-0"],"settings":{}},"1492033924902":{"type":"custom-content","blocks":{"1492033924902-0":{"type":"text","settings":{"width":"100%","alignment":"center","align_text":"center"}}},"block_order":["1492033924902-0"],"settings":{"title":""}},"1492096252560":{"type":"collection-list","blocks":{"1492096252560-0":{"type":"featured_collection","settings":{}},"1492096252560-1":{"type":"featured_collection","settings":{}},"1492096252560-2":{"type":"featured_collection","settings":{}}},"block_order":["1492096252560-0","1492096252560-1","1492096252560-2"],"settings":{"grid":3}},"blog-template":{"type":"blog-template","settings":{"layout":"grid","blog_show_author":true,"blog_show_date":false}},"article-template":{"type":"article-template","settings":{"blog_show_author":true,"blog_show_date":true,"show_share_buttons":true}},"cart-template":{"type":"cart-template","settings":{"cart_notes_enable":false}},"footer":{"type":"footer","blocks":{"link_list":{"type":"link_list","settings":{}},"text":{"type":"text","settings":{}},"newsletter":{"type":"newsletter","settings":{}}},"block_order":["link_list","text","newsletter"],"settings":{}}},"content_for_index":["hero","featured-collections","slideshow","1492033924902","1492096252560","1492033877875","1492033809691"]}}}